sender_name,sender_country,sender_ip,receiver_name,receiver_country,receiver_ip,amount,currency,timestamp
Mary Smith,US,192.168.42.52,Richard Martinez,JP,10.0.149.33,238.79,CNY,2026-04-27T04:51:00.412136
Сергей Иванов,BY,192.168.168.140,Lisa Miller,GB,10.0.171.98,253.5,RUB,2026-04-27T05:51:00.412136
Дмитрий Новиков,RU,192.168.204.143,Robert Martinez,FR,10.0.189.177,449.46,EUR,2026-04-27T06:51:00.412136
Joseph Garcia,AU,192.168.92.105,John Brown,GB,10.0.26.237,917.69,GBP,2026-04-27T07:51:00.412136
Sarah Jones,GB,192.168.39.134,Александр Федоров,KZ,10.0.155.60,89.13,USD,2026-04-27T08:51:00.412136
Barbara Jones,DE,192.168.74.128,Barbara Davis,CA,10.0.160.94,246.71,CNY,2026-04-27T09:51:00.412136
Jennifer Garcia,DE,192.168.226.42,Patricia Brown,CA,10.0.236.29,77.22,GBP,2026-04-27T10:51:00.412136
Lisa Garcia,FR,192.168.239.49,Jane Miller,DE,10.0.143.16,200.64,GBP,2026-04-27T11:51:00.412136
Сергей Соколов,UZ,192.168.239.32,Татьяна Волков,RU,10.0.132.170,42817.28,EUR,2026-04-27T12:51:00.412136
William Smith,GB,192.168.103.206,Jennifer Miller,FR,10.0.46.232,733.72,USD,2026-04-27T13:51:00.412136
Мария Федоров,KZ,192.168.125.83,Мария Морозов,RU,10.0.28.136,6548.7,KZT,2026-04-27T14:51:00.412136
Елена Иванов,KZ,192.168.80.253,Дмитрий Козлов,RU,10.0.22.228,32.24,GBP,2026-04-27T15:51:00.412136
Анна Морозов,UZ,192.168.26.108,Barbara Miller,DE,10.0.169.252,133.67,INR,2026-04-27T16:51:00.412136
Joseph Miller,FR,192.168.178.124,Barbara Miller,AU,10.0.126.232,38687.15,RUB,2026-04-27T17:51:00.412136
Анна Лебедев,KZ,192.168.149.98,Татьяна Иванов,KZ,10.0.214.20,5049.48,JPY,2026-04-27T18:51:00.412136
Richard Williams,FR,192.168.52.242,Linda Jones,AU,10.0.24.182,903.54,GBP,2026-04-27T19:51:00.412136
Michael Jones,CA,192.168.108.47,Сергей Новиков,KZ,10.0.185.238,970.92,JPY,2026-04-27T20:51:00.412136
Светлана Козлов,RU,192.168.34.171,Ольга Сидоров,BY,10.0.183.54,224.27,RUB,2026-04-27T21:51:00.412136
Валерий Федоров,KZ,192.168.170.90,James Garcia,CA,10.0.110.156,834.65,CNY,2026-04-27T22:51:00.412136
Петр Волков,BY,192.168.147.98,Thomas Johnson,CA,10.0.28.165,420.61,USD,2026-04-27T23:51:00.412136
Thomas Rodriguez,CA,192.168.55.220,Мария Лебедев,RU,10.0.132.8,269.64,USD,2026-04-28T00:51:00.412136
Наталья Иванов,BY,192.168.94.80,Richard Jones,CN,10.0.71.127,515.45,JPY,2026-04-28T01:51:00.412136
James Jones,US,192.168.190.127,Валерий Петров,BY,10.0.35.160,271.94,CNY,2026-04-28T02:51:00.412136
Сергей Иванов,RU,192.168.62.126,Ольга Лебедев,KZ,10.0.240.95,6251.68,CNY,2026-04-28T03:51:00.412136
David Miller,AU,192.168.196.186,Петр Волков,UZ,10.0.1.235,9253.53,GBP,2026-04-28T04:51:00.412136
Patricia Jones,FR,192.168.75.115,John Williams,JP,10.0.155.116,419.29,KZT,2026-04-28T05:51:00.412136
Jennifer Smith,FR,192.168.229.224,David Miller,DE,10.0.46.173,6979.3,INR,2026-04-28T06:51:00.412136
Mary Martinez,FR,192.168.241.68,James Martinez,US,10.0.194.125,4610.48,INR,2026-04-28T07:51:00.412136
Thomas Johnson,AU,192.168.210.230,Валерий Петров,RU,10.0.190.217,2657.27,CNY,2026-04-28T08:51:00.412136
Виктор Сидоров,RU,192.168.196.111,Lisa Johnson,CA,10.0.150.94,654.36,EUR,2026-04-28T09:51:00.412136
Patricia Brown,US,192.168.78.231,Валерий Соколов,RU,10.0.255.187,6742.94,USD,2026-04-28T10:51:00.412136
Sarah Smith,DE,192.168.83.72,Jane Brown,DE,10.0.217.200,560.33,RUB,2026-04-28T11:51:00.412136
Barbara Smith,US,192.168.253.123,Мария Волков,KZ,10.0.69.154,886.68,RUB,2026-04-28T12:51:00.412136
Mary Miller,AU,192.168.122.58,Татьяна Федоров,BY,10.0.213.125,45354.91,RUB,2026-04-28T13:51:00.412136
Иван Соколов,RU,192.168.224.162,Виктор Петров,RU,10.0.221.182,702.67,KZT,2026-04-28T14:51:00.412136
Виктор Сидоров,BY,192.168.107.161,Lisa Rodriguez,FR,10.0.72.53,37817.99,RUB,2026-04-28T15:51:00.412136
Ирина Новиков,UZ,192.168.36.200,Ольга Петров,RU,10.0.78.153,897.37,RUB,2026-04-28T16:51:00.412136
James Miller,GB,192.168.239.12,Barbara Rodriguez,FR,10.0.96.189,203.46,GBP,2026-04-28T17:51:00.412136
Robert Smith,CA,192.168.9.164,Иван Козлов,RU,10.0.147.74,8347.85,GBP,2026-04-28T18:51:00.412136
Emma Smith,FR,192.168.32.70,Валерий Сидоров,UZ,10.0.217.147,690.25,USD,2026-04-28T19:51:00.412136
Александр Козлов,KZ,192.168.52.34,Дмитрий Петров,KZ,10.0.251.190,1147.25,CNY,2026-04-28T20:51:00.412136
Thomas Davis,DE,192.168.244.172,Ирина Козлов,KZ,10.0.109.22,959.49,INR,2026-04-28T21:51:00.412136
Linda Rodriguez,US,192.168.28.76,Виктор Федоров,BY,10.0.108.129,465.08,JPY,2026-04-28T22:51:00.412136
Thomas Williams,GB,192.168.164.94,Ольга Новиков,RU,10.0.5.217,778.56,INR,2026-04-28T23:51:00.412136
Ольга Козлов,UZ,192.168.53.167,Ирина Лебедев,RU,10.0.109.229,8671.81,RUB,2026-04-29T00:51:00.412136
Lisa Garcia,FR,192.168.67.116,Валерий Соколов,BY,10.0.72.75,563.67,JPY,2026-04-29T01:51:00.412136
Анна Соколов,UZ,192.168.67.32,Татьяна Козлов,UZ,10.0.106.19,2978.98,RUB,2026-04-29T02:51:00.412136
Jane Jones,CA,192.168.63.36,Jane Miller,CA,10.0.9.100,979.81,EUR,2026-04-29T03:51:00.412136
Jennifer Davis,GB,192.168.89.162,David Williams,GB,10.0.224.200,8795.21,EUR,2026-04-29T04:51:00.412136
John Williams,US,192.168.157.1,Дмитрий Лебедев,UZ,10.0.11.111,637.5,KZT,2026-04-29T05:51:00.412136
Светлана Лебедев,UZ,192.168.79.52,Татьяна Волков,BY,10.0.70.169,343.79,RUB,2026-04-29T06:51:00.412136
Наталья Лебедев,KZ,192.168.103.81,James Martinez,US,10.0.138.227,247.18,GBP,2026-04-29T07:51:00.412136
Виктор Морозов,UZ,192.168.110.32,Joseph Garcia,FR,10.0.147.236,934.56,JPY,2026-04-29T08:51:00.412136
Сергей Морозов,RU,192.168.128.179,Joseph Miller,AU,10.0.251.233,97.64,GBP,2026-04-29T09:51:00.412136
Светлана Федоров,RU,192.168.214.101,Мария Петров,UZ,10.0.252.121,675.05,USD,2026-04-29T10:51:00.412136
Валерий Лебедев,BY,192.168.232.102,Ольга Петров,RU,10.0.212.132,1167.73,EUR,2026-04-29T11:51:00.412136
Ольга Федоров,UZ,192.168.13.90,Павел Морозов,KZ,10.0.218.118,3830.86,EUR,2026-04-29T12:51:00.412136
David Johnson,DE,192.168.241.140,Сергей Иванов,KZ,10.0.136.20,5365.47,INR,2026-04-29T13:51:00.412136
Emma Jones,DE,192.168.155.69,Lisa Williams,CN,10.0.59.168,594.71,INR,2026-04-29T14:51:00.412136
Мария Сидоров,KZ,192.168.203.26,William Johnson,JP,10.0.244.88,598.14,RUB,2026-04-29T15:51:00.412136
Сергей Новиков,RU,192.168.213.23,Ирина Новиков,KZ,10.0.173.71,340.73,INR,2026-04-29T16:51:00.412136
Ольга Лебедев,BY,192.168.193.209,Sarah Jones,AU,10.0.151.128,786.6,INR,2026-04-29T17:51:00.412136
Мария Козлов,RU,192.168.50.108,Мария Федоров,KZ,10.0.57.171,92120.13,RUB,2026-04-29T18:51:00.412136
Дмитрий Морозов,UZ,192.168.203.69,Jane Davis,GB,10.0.164.19,3600.04,JPY,2026-04-29T19:51:00.412136
Michael Smith,CA,192.168.235.194,Jennifer Miller,GB,10.0.53.241,6135.32,USD,2026-04-29T20:51:00.412136
Дмитрий Федоров,UZ,192.168.158.247,William Davis,CN,10.0.171.39,810.04,KZT,2026-04-29T21:51:00.412136
Emma Johnson,AU,192.168.212.112,Barbara Brown,CN,10.0.54.212,347.21,GBP,2026-04-29T22:51:00.412136
Виктор Новиков,BY,192.168.130.166,Наталья Иванов,RU,10.0.134.213,7600.86,CNY,2026-04-29T23:51:00.412136
Елена Петров,KZ,192.168.207.242,Jane Brown,GB,10.0.99.246,299.09,EUR,2026-04-30T00:51:00.412136
Наталья Соколов,RU,192.168.89.108,Ирина Федоров,RU,10.0.101.80,955.1,EUR,2026-04-30T01:51:00.412136
Виктор Иванов,UZ,192.168.35.133,Thomas Brown,AU,10.0.83.216,7581.32,CNY,2026-04-30T02:51:00.412136
Richard Williams,CA,192.168.185.128,Анна Волков,RU,10.0.231.116,187.44,JPY,2026-04-30T03:51:00.412136
Jennifer Rodriguez,CA,192.168.114.95,Joseph Davis,DE,10.0.94.157,6957.99,USD,2026-04-30T04:51:00.412136
Emma Smith,GB,192.168.100.24,Мария Соколов,KZ,10.0.226.238,744.39,KZT,2026-04-30T05:51:00.412136
Emma Williams,DE,192.168.48.136,Emma Garcia,US,10.0.72.247,842.03,JPY,2026-04-30T06:51:00.412136
Сергей Лебедев,RU,192.168.107.159,Linda Brown,US,10.0.157.6,746.0,KZT,2026-04-30T07:51:00.412136
Jane Rodriguez,FR,192.168.220.243,Patricia Miller,DE,10.0.77.250,6261.38,GBP,2026-04-30T08:51:00.412136
Robert Martinez,DE,192.168.116.238,Ольга Новиков,UZ,10.0.116.207,171.49,CNY,2026-04-30T09:51:00.412136
Emma Garcia,GB,192.168.102.9,Jane Rodriguez,AU,10.0.137.164,7372.15,GBP,2026-04-30T10:51:00.412136
Мария Федоров,KZ,192.168.48.56,Thomas Martinez,CA,10.0.206.139,2437.08,EUR,2026-04-30T11:51:00.412136
Thomas Smith,US,192.168.30.42,Петр Петров,RU,10.0.99.199,677.63,EUR,2026-04-30T12:51:00.412136
Michael Garcia,AU,192.168.68.89,Patricia Jones,DE,10.0.102.161,387.94,RUB,2026-04-30T13:51:00.412136
Robert Johnson,FR,192.168.228.104,Richard Smith,US,10.0.62.102,863.37,INR,2026-04-30T14:51:00.412136
Lisa Miller,GB,192.168.181.118,Елена Соколов,UZ,10.0.153.211,4339.89,RUB,2026-04-30T15:51:00.412136
Сергей Петров,UZ,192.168.162.187,Jane Jones,FR,10.0.89.63,3184.62,CNY,2026-04-30T16:51:00.412136
Linda Rodriguez,CA,192.168.137.179,Patricia Davis,CA,10.0.224.207,78797.23,EUR,2026-04-30T17:51:00.412136
Виктор Петров,RU,192.168.11.191,David Rodriguez,GB,10.0.49.216,68627.8,RUB,2026-04-30T18:51:00.412136
Jennifer Williams,CA,192.168.146.152,Joseph Miller,JP,10.0.204.39,533.68,GBP,2026-04-30T19:51:00.412136
Мария Петров,KZ,192.168.172.9,Валерий Сидоров,RU,10.0.55.52,763.07,JPY,2026-04-30T20:51:00.412136
Patricia Miller,US,192.168.190.99,William Davis,CN,10.0.149.160,1342.75,CNY,2026-04-30T21:51:00.412136
Иван Иванов,KZ,192.168.56.86,Елена Иванов,UZ,10.0.193.161,932.11,USD,2026-04-30T22:51:00.412136
William Brown,GB,192.168.72.1,Joseph Jones,AU,10.0.84.163,7004.06,RUB,2026-04-30T23:51:00.412136
Дмитрий Соколов,RU,192.168.237.245,Петр Морозов,RU,10.0.88.93,892.19,USD,2026-05-01T00:51:00.412136
Ольга Иванов,BY,192.168.6.95,Richard Garcia,FR,10.0.113.245,838.7,RUB,2026-05-01T01:51:00.412136
Елена Федоров,KZ,192.168.13.128,Mary Brown,JP,10.0.160.116,282.48,USD,2026-05-01T02:51:00.412136
Jennifer Martinez,CA,192.168.31.242,Robert Jones,GB,10.0.160.223,739.21,GBP,2026-05-01T03:51:00.412136
Сергей Волков,RU,192.168.16.53,Sarah Brown,US,10.0.163.106,81721.6,GBP,2026-05-01T04:51:00.412136
Ольга Иванов,KZ,192.168.73.28,Мария Новиков,BY,10.0.58.76,13726.32,GBP,2026-05-01T05:51:00.412136
James Johnson,FR,192.168.10.110,Ольга Иванов,RU,10.0.61.146,7557.98,GBP,2026-05-01T06:51:00.412136
Ирина Лебедев,UZ,192.168.192.208,Ольга Иванов,KZ,10.0.171.123,730.7,GBP,2026-05-01T07:51:00.412136
Виктор Волков,RU,192.168.63.131,Lisa Garcia,GB,10.0.60.239,850.35,INR,2026-05-01T08:51:00.412136
Michael Davis,DE,192.168.99.71,Thomas Brown,CN,10.0.160.121,5921.72,CNY,2026-05-01T09:51:00.412136
Валерий Соколов,RU,192.168.1.7,Jane Martinez,GB,10.0.208.141,864.81,EUR,2026-05-01T10:51:00.412136
James Brown,FR,192.168.124.15,Татьяна Федоров,BY,10.0.138.254,62110.32,CNY,2026-05-01T11:51:00.412136
Елена Федоров,UZ,192.168.218.242,Richard Rodriguez,US,10.0.6.95,3994.08,USD,2026-05-01T12:51:00.412136
William Smith,GB,192.168.216.189,Michael Rodriguez,DE,10.0.26.163,833.99,USD,2026-05-01T13:51:00.412136
Наталья Волков,BY,192.168.47.157,Анна Сидоров,RU,10.0.214.34,7033.15,CNY,2026-05-01T14:51:00.412136
Александр Волков,RU,192.168.149.204,Сергей Соколов,RU,10.0.140.78,548.62,GBP,2026-05-01T15:51:00.412136
Иван Морозов,UZ,192.168.57.53,Mary Rodriguez,CA,10.0.189.81,919.37,GBP,2026-05-01T16:51:00.412136
Мария Иванов,KZ,192.168.89.230,Robert Davis,CN,10.0.229.226,3439.26,EUR,2026-05-01T17:51:00.412136
Linda Garcia,US,192.168.84.74,Наталья Петров,BY,10.0.45.112,850.38,GBP,2026-05-01T18:51:00.412136
Мария Козлов,RU,192.168.156.94,Ольга Петров,BY,10.0.41.78,3872.89,INR,2026-05-01T19:51:00.412136
Светлана Соколов,RU,192.168.199.106,Jane Rodriguez,AU,10.0.243.156,588.51,EUR,2026-05-01T20:51:00.412136
Richard Garcia,US,192.168.83.155,David Brown,CA,10.0.216.108,409.75,INR,2026-05-01T21:51:00.412136
William Brown,AU,192.168.30.254,Michael Johnson,GB,10.0.53.129,216.3,JPY,2026-05-01T22:51:00.412136
Петр Соколов,RU,192.168.26.80,Татьяна Морозов,UZ,10.0.142.27,4882.3,EUR,2026-05-01T23:51:00.412136
Светлана Волков,KZ,192.168.84.105,Lisa Davis,FR,10.0.65.159,432.15,RUB,2026-05-02T00:51:00.412136
Сергей Сидоров,BY,192.168.113.49,Michael Smith,JP,10.0.168.113,92251.31,GBP,2026-05-02T01:51:00.412136
Joseph Jones,US,192.168.72.40,Анна Соколов,UZ,10.0.18.160,194.94,KZT,2026-05-02T02:51:00.412136
Joseph Smith,US,192.168.160.253,David Rodriguez,CN,10.0.246.117,512.37,USD,2026-05-02T03:51:00.412136
Мария Иванов,KZ,192.168.228.169,Сергей Федоров,BY,10.0.36.159,7805.84,KZT,2026-05-02T04:51:00.412136
Patricia Garcia,GB,192.168.72.58,Елена Сидоров,BY,10.0.51.150,687.54,USD,2026-05-02T05:51:00.412136
Barbara Martinez,DE,192.168.155.18,Павел Новиков,UZ,10.0.66.126,231.6,EUR,2026-05-02T06:51:00.412136
David Brown,FR,192.168.235.181,Lisa Rodriguez,US,10.0.50.132,879.47,JPY,2026-05-02T07:51:00.412136
John Williams,GB,192.168.169.150,Петр Новиков,BY,10.0.40.101,328.69,RUB,2026-05-02T08:51:00.412136
Robert Garcia,CA,192.168.185.153,Мария Петров,UZ,10.0.149.164,2894.78,EUR,2026-05-02T09:51:00.412136
Павел Иванов,BY,192.168.165.225,Елена Иванов,RU,10.0.68.217,994.95,INR,2026-05-02T10:51:00.412136
Ирина Иванов,BY,192.168.145.106,Richard Williams,CA,10.0.252.207,593.41,GBP,2026-05-02T11:51:00.412136
Ирина Морозов,UZ,192.168.115.166,Мария Петров,BY,10.0.16.143,260.35,USD,2026-05-02T12:51:00.412136
Елена Петров,BY,192.168.127.179,James Garcia,JP,10.0.63.38,223.66,USD,2026-05-02T13:51:00.412136
Наталья Волков,BY,192.168.137.223,Mary Miller,DE,10.0.170.45,39441.46,KZT,2026-05-02T14:51:00.412136
Ольга Лебедев,KZ,192.168.34.115,Анна Новиков,KZ,10.0.183.99,172.41,JPY,2026-05-02T15:51:00.412136
Мария Федоров,RU,192.168.233.21,Joseph Brown,CN,10.0.37.15,343.85,GBP,2026-05-02T16:51:00.412136
Thomas Martinez,AU,192.168.106.161,Валерий Иванов,KZ,10.0.10.23,45.91,KZT,2026-05-02T17:51:00.412136
Светлана Петров,BY,192.168.207.169,Светлана Иванов,RU,10.0.167.208,6134.13,INR,2026-05-02T18:51:00.412136
Павел Соколов,UZ,192.168.170.67,Michael Garcia,US,10.0.98.238,4264.04,JPY,2026-05-02T19:51:00.412136
Mary Johnson,AU,192.168.201.135,Michael Garcia,GB,10.0.57.150,549.25,GBP,2026-05-02T20:51:00.412136
Jennifer Miller,DE,192.168.70.222,Татьяна Соколов,UZ,10.0.235.157,532.85,CNY,2026-05-02T21:51:00.412136
David Smith,GB,192.168.201.223,Mary Smith,DE,10.0.122.6,141.82,JPY,2026-05-02T22:51:00.412136
Иван Иванов,UZ,192.168.48.147,Robert Johnson,GB,10.0.221.167,210.83,INR,2026-05-02T23:51:00.412136
Виктор Козлов,RU,192.168.1.234,Петр Иванов,KZ,10.0.46.8,9760.7,EUR,2026-05-03T00:51:00.412136
Александр Козлов,KZ,192.168.192.62,Анна Волков,UZ,10.0.128.214,24400.09,INR,2026-05-03T01:51:00.412136
Thomas Davis,CA,192.168.178.215,Валерий Лебедев,KZ,10.0.136.163,69810.13,CNY,2026-05-03T02:51:00.412136
Анна Сидоров,UZ,192.168.29.190,Татьяна Козлов,KZ,10.0.142.207,460.07,RUB,2026-05-03T03:51:00.412136
Петр Иванов,BY,192.168.75.74,William WSender 170,FR,192.168.87.215,Receiver 170,DE,10.0.76.142,21639.59,KZT,2026-05-04T00:41:05.135008
Sender 171,AU,192.168.75.199,Receiver 171,RU,10.0.120.13,27901.86,GBP,2026-05-04T01:41:05.135008
Sender 172,BR,192.168.116.237,Receiver 172,GB,10.0.75.27,18538.79,USD,2026-05-04T02:41:05.135008
Sender 173,KZ,192.168.243.46,Receiver 173,CA,10.0.74.42,25828.43,CNY,2026-05-04T03:41:05.135008
Sender 174,GB,192.168.170.162,Receiver 174,FR,10.0.218.137,47751.02,KZT,2026-05-04T04:41:05.135008
Sender 175,KZ,192.168.132.233,Receiver 175,RU,10.0.153.5,247.49,CNY,2026-05-04T05:41:05.135008
Sender 176,DE,192.168.146.40,Receiver 176,IN,10.0.71.170,16471.34,CNY,2026-05-04T06:41:05.135008
Sender 177,BR,192.168.42.214,Receiver 177,AU,10.0.61.231,28891.19,EUR,2026-05-04T07:41:05.135008
Sender 178,KZ,192.168.154.234,Receiver 178,CA,10.0.161.72,13357.01,KZT,2026-05-04T08:41:05.135008
Sender 179,AU,192.168.173.216,Receiver 179,RU,10.0.162.39,23304.82,INR,2026-05-04T09:41:05.135008
Sender 180,BR,192.168.205.139,Receiver 180,CN,10.0.164.45,18215.96,EUR,2026-05-04T10:41:05.135008
Sender 181,GB,192.168.83.214,Receiver 181,JP,10.0.31.176,48922.7,INR,2026-05-04T11:41:05.135008
Sender 182,RU,192.168.147.173,Receiver 182,BR,10.0.49.125,19713.85,EUR,2026-05-04T12:41:05.135008
Sender 183,KZ,192.168.61.177,Receiver 183,BR,10.0.157.225,49392.21,GBP,2026-05-04T13:41:05.135008
Sender 184,RU,192.168.10.36,Receiver 184,FR,10.0.154.235,31367.86,EUR,2026-05-04T14:41:05.135008
Sender 185,CA,192.168.163.227,Receiver 185,GB,10.0.149.118,33533.05,GBP,2026-05-04T15:41:05.135008
Sender 186,CA,192.168.186.89,Receiver 186,CN,10.0.27.160,12264.74,EUR,2026-05-04T16:41:05.135008
Sender 187,JP,192.168.75.248,Receiver 187,US,10.0.197.92,39396.53,KZT,2026-05-04T17:41:05.135008
Sender 188,IN,192.168.248.60,Receiver 188,KZ,10.0.209.36,23080.2,EUR,2026-05-04T18:41:05.135008
Sender 189,BR,192.168.201.11,Receiver 189,DE,10.0.242.237,8360.64,INR,2026-05-04T19:41:05.135008
Sender 190,DE,192.168.66.197,Receiver 190,IN,10.0.148.199,6241.79,INR,2026-05-04T20:41:05.135008
Sender 191,RU,192.168.29.35,Receiver 191,DE,10.0.121.197,35896.93,INR,2026-05-04T21:41:05.135008
Sender 192,DE,192.168.154.253,Receiver 192,DE,10.0.18.230,233.11,USD,2026-05-04T22:41:05.135008
Sender 193,KZ,192.168.207.60,Receiver 193,KZ,10.0.75.123,44453.3,KZT,2026-05-04T23:41:05.135008
Sender 194,CN,192.168.209.214,Receiver 194,US,10.0.171.169,33951.29,JPY,2026-05-05T00:41:05.135008
Sender 195,FR,192.168.129.169,Receiver 195,CN,10.0.173.177,11144.14,RUB,2026-05-05T01:41:05.135008
Sender 196,US,192.168.47.189,Receiver 196,KZ,10.0.19.195,2997.5,RUB,2026-05-05T02:41:05.135008
Sender 197,JP,192.168.5.194,Receiver 197,GB,10.0.64.172,5081.28,KZT,2026-05-05T03:41:05.135008
Sender 198,DE,192.168.19.41,Receiver 198,BR,10.0.53.40,16051.3,CNY,2026-05-05T04:41:05.135008
Sender 199,RU,192.168.38.113,Receiver 199,CN,10.0.226.218,37125.58,KZT,2026-05-05T05:41:05.135008
Sender 200,CA,192.168.94.222,Receiver 200,GB,10.0.97.135,18755.47,CNY,2026-05-05T06:41:05.135008
Sender 201,CN,192.168.142.249,Receiver 201,RU,10.0.160.208,49387.73,RUB,2026-05-05T07:41:05.135008
Sender 202,IN,192.168.27.3,Receiver 202,CA,10.0.143.189,22808.34,EUR,2026-05-05T08:41:05.135008
Sender 203,GB,192.168.74.185,Receiver 203,JP,10.0.116.186,11987.0,EUR,2026-05-05T09:41:05.135008
Sender 204,RU,192.168.78.125,Receiver 204,AU,10.0.139.239,28254.09,USD,2026-05-05T10:41:05.135008
Sender 205,RU,192.168.236.143,Receiver 205,IN,10.0.116.93,35513.46,JPY,2026-05-05T11:41:05.135008
Sender 206,KZ,192.168.138.53,Receiver 206,FR,10.0.10.172,35351.09,INR,2026-05-05T12:41:05.135008
Sender 207,JP,192.168.148.179,Receiver 207,AU,10.0.137.89,28422.14,KZT,2026-05-05T13:41:05.135008
Sender 208,DE,192.168.235.68,Receiver 208,GB,10.0.180.169,17933.1,CNY,2026-05-05T14:41:05.135008
Sender 209,KZ,192.168.110.253,Receiver 209,US,10.0.154.78,17677.9,KZT,2026-05-05T15:41:05.135008
Sender 210,CA,192.168.221.80,Receiver 210,CA,10.0.38.81,34181.82,EUR,2026-05-05T16:41:05.135008
Sender 211,FR,192.168.194.6,Receiver 211,BR,10.0.107.197,29446.73,KZT,2026-05-05T17:41:05.135008
Sender 212,JP,192.168.91.23,Receiver 212,CN,10.0.107.242,4683.95,INR,2026-05-05T18:41:05.135008
Sender 213,DE,192.168.201.34,Receiver 213,FR,10.0.124.159,49831.62,CNY,2026-05-05T19:41:05.135008
Sender 214,FR,192.168.194.87,Receiver 214,IN,10.0.55.254,9505.66,CNY,2026-05-05T20:41:05.135008
Sender 215,CN,192.168.217.75,Receiver 215,DE,10.0.116.234,21435.78,GBP,2026-05-05T21:41:05.135008
Sender 216,AU,192.168.11.143,Receiver 216,CN,10.0.7.4,8699.53,GBP,2026-05-05T22:41:05.135008
Sender 217,JP,192.168.235.151,Receiver 217,AU,10.0.173.237,21110.68,RUB,2026-05-05T23:41:05.135008
Sender 218,BR,192.168.85.140,Receiver 218,KZ,10.0.128.108,19969.51,RUB,2026-05-06T00:41:05.135008
Sender 219,KZ,192.168.3.32,Receiver 219,US,10.0.135.110,17181.87,JPY,2026-05-06T01:41:05.135008
Sender 220,JP,192.168.207.145,Receiver 220,KZ,10.0.122.124,35624.61,GBP,2026-05-06T02:41:05.135008
Sender 221,BR,192.168.188.39,Receiver 221,KZ,10.0.30.93,25571.5,EUR,2026-05-06T03:41:05.135008
Sender 222,AU,192.168.199.77,Receiver 222,KZ,10.0.28.178,28168.96,CNY,2026-05-06T04:41:05.135008
Sender 223,CA,192.168.89.24,Receiver 223,KZ,10.0.224.162,33804.37,RUB,2026-05-06T05:41:05.135008
Sender 224,BR,192.168.195.45,Receiver 224,CA,10.0.247.235,21747.03,USD,2026-05-06T06:41:05.135008
Sender 225,JP,192.168.73.228,Receiver 225,FR,10.0.129.213,26583.99,KZT,2026-05-06T07:41:05.135008
Sender 226,CN,192.168.2.22,Receiver 226,FR,10.0.216.111,31234.09,KZT,2026-05-06T08:41:05.135008
Sender 227,JP,192.168.57.160,Receiver 227,US,10.0.78.205,3688.33,RUB,2026-05-06T09:41:05.135008
Sender 228,FR,192.168.151.49,Receiver 228,JP,10.0.4.17,39428.7,JPY,2026-05-06T10:41:05.135008
Sender 229,FR,192.168.191.120,Receiver 229,BR,10.0.128.139,4522.84,RUB,2026-05-06T11:41:05.135008
Sender 230,CA,192.168.223.141,Receiver 230,FR,10.0.208.210,37627.43,INR,2026-05-06T12:41:05.135008
Sender 231,KZ,192.168.193.233,Receiver 231,KZ,10.0.17.114,41954.23,GBP,2026-05-06T13:41:05.135008
Sender 232,KZ,192.168.169.36,Receiver 232,JP,10.0.168.99,38769.08,JPY,2026-05-06T14:41:05.135008
Sender 233,JP,192.168.85.107,Receiver 233,CN,10.0.36.168,2612.66,KZT,2026-05-06T15:41:05.135008
Sender 234,GB,192.168.97.123,Receiver 234,IN,10.0.92.157,40204.7,GBP,2026-05-06T16:41:05.135008
Sender 235,IN,192.168.114.89,Receiver 235,JP,10.0.235.127,15504.75,INR,2026-05-06T17:41:05.135008
Sender 236,BR,192.168.144.160,Receiver 236,GB,10.0.188.1,12293.0,USD,2026-05-06T18:41:05.135008
Sender 237,RU,192.168.178.38,Receiver 237,AU,10.0.85.183,34752.16,USD,2026-05-06T19:41:05.135008
Sender 238,CA,192.168.158.110,Receiver 238,FR,10.0.251.192,19422.55,INR,2026-05-06T20:41:05.135008
Sender 239,KZ,192.168.65.29,Receiver 239,AU,10.0.79.95,29149.56,JPY,2026-05-06T21:41:05.135008
Sender 240,IN,192.168.15.246,Receiver 240,GB,10.0.249.83,27008.84,JPY,2026-05-06T22:41:05.135008
Sender 241,AU,192.168.205.238,Receiver 241,IN,10.0.190.229,1634.56,USD,2026-05-06T23:41:05.135008
Sender 242,AU,192.168.119.105,Receiver 242,RU,10.0.92.80,3152.53,CNY,2026-05-07T00:41:05.135008
Sender 243,AU,192.168.232.252,Receiver 243,KZ,10.0.158.26,42069.31,EUR,2026-05-07T01:41:05.135008
Sender 244,CN,192.168.237.63,Receiver 244,FR,10.0.182.77,40432.26,USD,2026-05-07T02:41:05.135008
Sender 245,CA,192.168.85.110,Receiver 245,FR,10.0.252.244,26670.44,CNY,2026-05-07T03:41:05.135008
Sender 246,KZ,192.168.145.231,Receiver 246,GB,10.0.180.100,46909.56,INR,2026-05-07T04:41:05.135008
Sender 247,FR,192.168.168.249,Receiver 247,KZ,10.0.110.189,16636.04,EUR,2026-05-07T05:41:05.135008
Sender 248,AU,192.168.69.2,Receiver 248,IN,10.0.235.193,22853.02,GBP,2026-05-07T06:41:05.135008
Sender 249,IN,192.168.53.28,Receiver 249,IN,10.0.86.59,11483.6,RUB,2026-05-07T07:41:05.135008
Sender 250,CA,192.168.136.24,Receiver 250,GB,10.0.42.85,2535.23,USD,2026-05-07T08:41:05.135008
Sender 251,RU,192.168.35.240,Receiver 251,DE,10.0.245.25,26648.49,USD,2026-05-07T09:41:05.135008
Sender 252,AU,192.168.170.166,Receiver 252,DE,10.0.98.92,21829.57,USD,2026-05-07T10:41:05.135008
Sender 253,JP,192.168.136.250,Receiver 253,RU,10.0.32.235,47121.62,CNY,2026-05-07T11:41:05.135008
Sender 254,BR,192.168.140.22,Receiver 254,BR,10.0.54.194,34631.51,JPY,2026-05-07T12:41:05.135008
Sender 255,AU,192.168.18.86,Receiver 255,KZ,10.0.64.225,49832.65,INR,2026-05-07T13:41:05.135008
Sender 256,KZ,192.168.92.7,Receiver 256,BR,10.0.114.178,13088.0,CNY,2026-05-07T14:41:05.135008
Sender 257,IN,192.168.41.161,Receiver 257,BR,10.0.107.38,24756.99,KZT,2026-05-07T15:41:05.135008
Sender 258,IN,192.168.186.168,Receiver 258,KZ,10.0.146.9,2411.69,CNY,2026-05-07T16:41:05.135008
Sender 259,DE,192.168.244.166,Receiver 259,CN,10.0.163.42,49560.2,INR,2026-05-07T17:41:05.135008
Sender 260,CA,192.168.232.18,Receiver 260,CA,10.0.172.180,39044.5,KZT,2026-05-07T18:41:05.135008
Sender 261,US,192.168.26.226,Receiver 261,BR,10.0.49.22,23675.92,EUR,2026-05-07T19:41:05.135008
Sender 262,BR,192.168.158.59,Receiver 262,GB,10.0.233.228,14328.81,USD,2026-05-07T20:41:05.135008
Sender 263,RU,192.168.1.156,Receiver 263,IN,10.0.61.8,45536.73,USD,2026-05-07T21:41:05.135008
Sender 264,JP,192.168.76.139,Receiver 264,IN,10.0.60.215,33195.51,USD,2026-05-07T22:41:05.135008
Sender 265,GB,192.168.204.248,Receiver 265,CN,10.0.175.183,25928.87,RUB,2026-05-07T23:41:05.135008
Sender 266,JP,192.168.14.52,Receiver 266,US,10.0.188.91,42286.83,CNY,2026-05-08T00:41:05.135008
Sender 267,JP,192.168.65.229,Receiver 267,JP,10.0.201.240,27840.9,JPY,2026-05-08T01:41:05.135008
Sender 268,GB,192.168.39.93,Receiver 268,IN,10.0.201.145,2748.94,INR,2026-05-08T02:41:05.135008
Sender 269,FR,192.168.198.171,Receiver 269,FR,10.0.202.14,45465.62,INR,2026-05-08T03:41:05.135008
Sender 270,US,192.168.155.17,Receiver 270,AU,10.0.23.204,9079.9,CNY,2026-05-08T04:41:05.135008
Sender 271,AU,192.168.153.91,Receiver 271,US,10.0.70.92,920.07,KZT,2026-05-08T05:41:05.135008
Sender 272,JP,192.168.124.63,Receiver 272,IN,10.0.131.219,16505.88,USD,2026-05-08T06:41:05.135008
Sender 273,GB,192.168.126.167,Receiver 273,KZ,10.0.2.81,21941.47,CNY,2026-05-08T07:41:05.135008
Sender 274,AU,192.168.27.134,Receiver 274,CA,10.0.80.59,24349.31,USD,2026-05-08T08:41:05.135008
Sender 275,JP,192.168.147.89,Receiver 275,GB,10.0.83.245,16276.24,KZT,2026-05-08T09:41:05.135008
Sender 276,BR,192.168.186.105,Receiver 276,IN,10.0.114.189,30565.67,CNY,2026-05-08T10:41:05.135008
Sender 277,US,192.168.115.69,Receiver 277,RU,10.0.214.235,33409.24,GBP,2026-05-08T11:41:05.135008
Sender 278,CN,192.168.130.102,Receiver 278,DE,10.0.144.13,22458.69,USD,2026-05-08T12:41:05.135008
Sender 279,AU,192.168.200.253,Receiver 279,BR,10.0.90.65,10109.58,CNY,2026-05-08T13:41:05.135008
Sender 280,BR,192.168.170.87,Receiver 280,RU,10.0.182.89,33590.74,EUR,2026-05-08T14:41:05.135008
Sender 281,RU,192.168.48.186,Receiver 281,IN,10.0.179.33,24104.2,INR,2026-05-08T15:41:05.135008
Sender 282,CA,192.168.65.194,Receiver 282,JP,10.0.100.46,21721.54,USD,2026-05-08T16:41:05.135008
Sender 283,JP,192.168.157.82,Receiver 283,CN,10.0.54.113,35936.34,GBP,2026-05-08T17:41:05.135008
Sender 284,JP,192.168.97.105,Receiver 284,AU,10.0.123.169,35347.51,CNY,2026-05-08T18:41:05.135008
Sender 285,BR,192.168.7.26,Receiver 285,CA,10.0.59.199,6184.49,EUR,2026-05-08T19:41:05.135008
Sender 286,DE,192.168.202.62,Receiver 286,AU,10.0.190.184,48240.46,INR,2026-05-08T20:41:05.135008
Sender 287,BR,192.168.28.170,Receiver 287,CN,10.0.40.245,4801.7,GBP,2026-05-08T21:41:05.135008
Sender 288,RU,192.168.253.137,Receiver 288,FR,10.0.219.42,295.72,EUR,2026-05-08T22:41:05.135008
Sender 289,BR,192.168.173.205,Receiver 289,FR,10.0.137.205,39435.63,RUB,2026-05-08T23:41:05.135008
Sender 290,BR,192.168.49.188,Receiver 290,CA,10.0.59.132,28494.05,CNY,2026-05-09T00:41:05.135008
Sender 291,KZ,192.168.47.176,Receiver 291,RU,10.0.70.197,43800.72,CNY,2026-05-09T01:41:05.135008
Sender 292,IN,192.168.212.12,Receiver 292,KZ,10.0.144.81,15011.05,EUR,2026-05-09T02:41:05.135008
Sender 293,AU,192.168.125.194,Receiver 293,GB,10.0.97.187,20736.15,EUR,2026-05-09T03:41:05.135008
Sender 294,JP,192.168.25.117,Receiver 294,IN,10.0.166.151,722.32,KZT,2026-05-09T04:41:05.135008
Sender 295,GB,192.168.98.231,Receiver 295,US,10.0.152.84,2920.83,INR,2026-05-09T05:41:05.135008
Sender 296,CA,192.168.138.111,Receiver 296,DE,10.0.0.78,22130.18,KZT,2026-05-09T06:41:05.135008
Sender 297,BR,192.168.62.205,Receiver 297,JP,10.0.95.201,37403.37,INR,2026-05-09T07:41:05.135008
Sender 298,IN,192.168.24.222,Receiver 298,CN,10.0.154.100,23290.1,KZT,2026-05-09T08:41:05.135008
Sender 299,GB,192.168.121.142,Receiver 299,CA,10.0.29.182,39778.58,GBP,2026-05-09T09:41:05.135008
Sender 300,AU,192.168.40.235,Receiver 300,IN,10.0.231.227,21613.68,KZT,2026-05-09T10:41:05.135008
Sender 301,US,192.168.87.4,Receiver 301,US,10.0.237.99,15062.41,JPY,2026-05-09T11:41:05.135008
Sender 302,KZ,192.168.1.202,Receiver 302,CA,10.0.185.145,43834.57,RUB,2026-05-09T12:41:05.135008
Sender 303,JP,192.168.246.34,Receiver 303,CN,10.0.164.35,31641.04,KZT,2026-05-09T13:41:05.135008
Sender 304,JP,192.168.44.105,Receiver 304,AU,10.0.80.114,14658.63,USD,2026-05-09T14:41:05.135008
Sender 305,BR,192.168.249.12,Receiver 305,RU,10.0.61.249,44403.92,RUB,2026-05-09T15:41:05.135008
Sender 306,GB,192.168.89.200,Receiver 306,BR,10.0.4.203,30111.83,RUB,2026-05-09T16:41:05.135008
Sender 307,FR,192.168.29.139,Receiver 307,BR,10.0.156.68,9560.58,RUB,2026-05-09T17:41:05.135008
Sender 308,GB,192.168.32.64,Receiver 308,AU,10.0.123.4,19767.2,JPY,2026-05-09T18:41:05.135008
Sender 309,DE,192.168.172.102,Receiver 309,KZ,10.0.116.119,31886.59,INR,2026-05-09T19:41:05.135008
Sender 310,FR,192.168.105.230,Receiver 310,US,10.0.124.247,29728.72,INR,2026-05-09T20:41:05.135008
Sender 311,BR,192.168.46.161,Receiver 311,AU,10.0.193.224,4098.22,EUR,2026-05-09T21:41:05.135008
Sender 312,KZ,192.168.129.124,Receiver 312,US,10.0.62.82,42857.49,INR,2026-05-09T22:41:05.135008
Sender 313,GB,192.168.186.42,Receiver 313,DE,10.0.205.88,46028.09,USD,2026-05-09T23:41:05.135008
Sender 314,JP,192.168.174.113,Receiver 314,KZ,10.0.169.232,2916.71,JPY,2026-05-10T00:41:05.135008
Sender 315,AU,192.168.141.205,Receiver 315,DE,10.0.151.186,23859.03,GBP,2026-05-10T01:41:05.135008
Sender 316,AU,192.168.230.33,Receiver 316,CA,10.0.27.143,23460.21,JPY,2026-05-10T02:41:05.135008
Sender 317,JP,192.168.186.26,Receiver 317,IN,10.0.91.216,35613.69,JPY,2026-05-10T03:41:05.135008
Sender 318,KZ,192.168.99.244,Receiver 318,KZ,10.0.23.135,23666.63,USD,2026-05-10T04:41:05.135008
Sender 319,CN,192.168.74.248,Receiver 319,FR,10.0.93.152,3986.78,CNY,2026-05-10T05:41:05.135008
Sender 320,CN,192.168.54.102,Receiver 320,FR,10.0.118.143,22963.93,KZT,2026-05-10T06:41:05.135008
Sender 321,RU,192.168.195.23,Receiver 321,AU,10.0.179.5,23861.18,INR,2026-05-10T07:41:05.135008
Sender 322,FR,192.168.51.53,Receiver 322,US,10.0.167.2,37881.11,KZT,2026-05-10T08:41:05.135008
Sender 323,IN,192.168.114.23,Receiver 323,AU,10.0.200.133,44492.02,EUR,2026-05-10T09:41:05.135008
Sender 324,CN,192.168.23.67,Receiver 324,IN,10.0.228.18,24785.91,KZT,2026-05-10T10:41:05.135008
Sender 325,BR,192.168.87.205,Receiver 325,CN,10.0.255.71,22568.43,EUR,2026-05-10T11:41:05.135008
Sender 326,JP,192.168.230.145,Receiver 326,JP,10.0.8.3,34303.25,USD,2026-05-10T12:41:05.135008
Sender 327,DE,192.168.164.228,Receiver 327,DE,10.0.48.240,10672.01,KZT,2026-05-10T13:41:05.135008
Sender 328,IN,192.168.221.182,Receiver 328,BR,10.0.30.112,23041.95,EUR,2026-05-10T14:41:05.135008
Sender 329,GB,192.168.138.251,Receiver 329,US,10.0.14.244,9603.57,JPY,2026-05-10T15:41:05.135008
Sender 330,AU,192.168.97.25,Receiver 330,GB,10.0.166.72,13399.6,CNY,2026-05-10T16:41:05.135008
Sender 331,GB,192.168.214.22,Receiver 331,BR,10.0.219.23,1616.23,KZT,2026-05-10T17:41:05.135008
Sender 332,DE,192.168.135.54,Receiver 332,DE,10.0.60.30,20725.35,RUB,2026-05-10T18:41:05.135008
Sender 333,US,192.168.203.96,Receiver 333,FR,10.0.94.151,40587.89,KZT,2026-05-10T19:41:05.135008
Sender 334,KZ,192.168.59.166,Receiver 334,US,10.0.195.24,242.22,INR,2026-05-10T20:41:05.135008
Sender 335,BR,192.168.50.214,Receiver 335,DE,10.0.123.219,9261.44,GBP,2026-05-10T21:41:05.135008
Sender 336,RU,192.168.96.50,Receiver 336,CN,10.0.128.62,25415.02,EUR,2026-05-10T22:41:05.135008
Sender 337,CA,192.168.234.39,Receiver 337,KZ,10.0.101.96,35489.99,USD,2026-05-10T23:41:05.135008
Sender 338,DE,192.168.55.219,Receiver 338,KZ,10.0.117.97,33930.23,USD,2026-05-11T00:41:05.135008
Sender 339,JP,192.168.93.197,Receiver 339,JP,10.0.121.87,19912.05,JPY,2026-05-11T01:41:05.135008
Sender 340,DE,192.168.99.172,Receiver 340,CN,10.0.84.62,17272.52,EUR,2026-05-11T02:41:05.135008
Sender 341,CA,192.168.18.110,Receiver 341,KZ,10.0.88.37,15365.55,RUB,2026-05-11T03:41:05.135008
Sender 342,AU,192.168.184.13,Receiver 342,KZ,10.0.160.101,44690.74,GBP,2026-05-11T04:41:05.135008
Sender 343,CA,192.168.232.53,Receiver 343,AU,10.0.50.52,24477.56,RUB,2026-05-11T05:41:05.135008
Sender 344,BR,192.168.225.202,Receiver 344,BR,10.0.171.199,26359.01,GBP,2026-05-11T06:41:05.135008
Sender 345,JP,192.168.93.163,Receiver 345,BR,10.0.162.238,13602.85,JPY,2026-05-11T07:41:05.135008
Sender 346,IN,192.168.151.127,Receiver 346,CA,10.0.147.222,24510.49,GBP,2026-05-11T08:41:05.135008
Sender 347,AU,192.168.120.77,Receiver 347,IN,10.0.9.29,25287.99,GBP,2026-05-11T09:41:05.135008
Sender 348,RU,192.168.52.129,Receiver 348,CN,10.0.239.228,46651.19,USD,2026-05-11T10:41:05.135008
Sender 349,DE,192.168.169.133,Receiver 349,CA,10.0.191.145,23737.95,KZT,2026-05-11T11:41:05.135008
Sender 350,GB,192.168.9.166,Receiver 350,IN,10.0.111.143,23431.96,GBP,2026-05-11T12:41:05.135008
Sender 351,US,192.168.123.104,Receiver 351,US,10.0.185.7,9863.24,USD,2026-05-11T13:41:05.135008
Sender 352,FR,192.168.65.124,Receiver 352,CN,10.0.187.128,46299.14,INR,2026-05-11T14:41:05.135008
Sender 353,IN,192.168.29.136,Receiver 353,AU,10.0.195.68,42568.93,USD,2026-05-11T15:41:05.135008
Sender 354,GB,192.168.136.122,Receiver 354,RU,10.0.184.132,44350.93,KZT,2026-05-11T16:41:05.135008
Sender 355,GB,192.168.217.40,Receiver 355,GB,10.0.253.32,14710.54,KZT,2026-05-11T17:41:05.135008
Sender 356,RU,192.168.198.230,Receiver 356,RU,10.0.219.2,27358.02,KZT,2026-05-11T18:41:05.135008
Sender 357,DE,192.168.179.25,Receiver 357,CN,10.0.187.1,45707.77,RUB,2026-05-11T19:41:05.135008
Sender 358,DE,192.168.243.18,Receiver 358,AU,10.0.122.224,38642.78,EUR,2026-05-11T20:41:05.135008
Sender 359,KZ,192.168.203.239,Receiver 359,CN,10.0.134.157,22362.01,JPY,2026-05-11T21:41:05.135008
Sender 360,US,192.168.187.182,Receiver 360,RU,10.0.94.167,5707.71,KZT,2026-05-11T22:41:05.135008
Sender 361,CA,192.168.205.3,Receiver 361,AU,10.0.78.204,14939.8,RUB,2026-05-11T23:41:05.135008
Sender 362,JP,192.168.152.166,Receiver 362,JP,10.0.15.76,1803.26,EUR,2026-05-12T00:41:05.135008
Sender 363,AU,192.168.209.211,Receiver 363,CN,10.0.60.7,45861.75,EUR,2026-05-12T01:41:05.135008
Sender 364,JP,192.168.60.67,Receiver 364,AU,10.0.81.223,26091.46,JPY,2026-05-12T02:41:05.135008
Sender 365,JP,192.168.216.9,Receiver 365,AU,10.0.7.19,38572.28,INR,2026-05-12T03:41:05.135008
Sender 366,FR,192.168.7.91,Receiver 366,RU,10.0.51.106,11596.72,RUB,2026-05-12T04:41:05.135008
Sender 367,CA,192.168.174.230,Receiver 367,US,10.0.31.201,16681.32,INR,2026-05-12T05:41:05.135008
Sender 368,DE,192.168.174.129,Receiver 368,RU,10.0.94.21,27211.79,USD,2026-05-12T06:41:05.135008
Sender 369,IN,192.168.55.122,Receiver 369,BR,10.0.11.173,49115.93,CNY,2026-05-12T07:41:05.135008
Sender 370,CN,192.168.136.75,Receiver 370,DE,10.0.146.60,7472.25,CNY,2026-05-12T08:41:05.135008
Sender 371,RU,192.168.91.232,Receiver 371,FR,10.0.247.60,37616.13,EUR,2026-05-12T09:41:05.135008
Sender 372,US,192.168.29.82,Receiver 372,CA,10.0.77.191,38749.1,INR,2026-05-12T10:41:05.135008
Sender 373,DE,192.168.217.41,Receiver 373,CA,10.0.250.77,31147.85,JPY,2026-05-12T11:41:05.135008
Sender 374,JP,192.168.116.230,Receiver 374,JP,10.0.89.32,42043.58,RUB,2026-05-12T12:41:05.135008
Sender 375,CN,192.168.15.94,Receiver 375,CN,10.0.62.247,28425.65,USD,2026-05-12T13:41:05.135008
Sender 376,FR,192.168.193.133,Receiver 376,CN,10.0.222.45,14709.07,USD,2026-05-12T14:41:05.135008
Sender 377,DE,192.168.71.170,Receiver 377,US,10.0.71.78,45552.95,USD,2026-05-12T15:41:05.135008
Sender 378,DE,192.168.245.110,Receiver 378,AU,10.0.216.152,37502.57,USD,2026-05-12T16:41:05.135008
Sender 379,AU,192.168.112.6,Receiver 379,KZ,10.0.188.109,6901.52,JPY,2026-05-12T17:41:05.135008
Sender 380,JP,192.168.27.99,Receiver 380,BR,10.0.100.167,36837.36,JPY,2026-05-12T18:41:05.135008
Sender 381,KZ,192.168.127.57,Receiver 381,CA,10.0.139.178,14366.18,RUB,2026-05-12T19:41:05.135008
Sender 382,RU,192.168.87.194,Receiver 382,CA,10.0.29.222,14664.42,INR,2026-05-12T20:41:05.135008
Sender 383,AU,192.168.153.142,Receiver 383,DE,10.0.95.226,28797.01,EUR,2026-05-12T21:41:05.135008
Sender 384,IN,192.168.253.66,Receiver 384,FR,10.0.149.207,25556.68,GBP,2026-05-12T22:41:05.135008
Sender 385,GB,192.168.37.186,Receiver 385,RU,10.0.189.225,41370.61,EUR,2026-05-12T23:41:05.135008
Sender 386,IN,192.168.174.84,Receiver 386,US,10.0.42.249,4384.41,GBP,2026-05-13T00:41:05.135008
Sender 387,DE,192.168.131.84,Receiver 387,GB,10.0.50.105,5883.88,GBP,2026-05-13T01:41:05.135008
Sender 388,DE,192.168.161.67,Receiver 388,JP,10.0.90.190,40299.46,KZT,2026-05-13T02:41:05.135008
Sender 389,CA,192.168.184.254,Receiver 389,GB,10.0.19.103,33575.96,JPY,2026-05-13T03:41:05.135008
Sender 390,CA,192.168.57.155,Receiver 390,CN,10.0.220.60,9516.49,JPY,2026-05-13T04:41:05.135008
Sender 391,GB,192.168.33.142,Receiver 391,US,10.0.45.176,18196.41,RUB,2026-05-13T05:41:05.135008
Sender 392,FR,192.168.159.37,Receiver 392,KZ,10.0.39.97,15479.14,KZT,2026-05-13T06:41:05.135008
Sender 393,KZ,192.168.29.225,Receiver 393,US,10.0.14.150,1926.31,CNY,2026-05-13T07:41:05.135008
Sender 394,JP,192.168.118.48,Receiver 394,GB,10.0.164.123,14452.14,GBP,2026-05-13T08:41:05.135008
Sender 395,AU,192.168.55.50,Receiver 395,JP,10.0.63.253,31800.13,RUB,2026-05-13T09:41:05.135008
Sender 396,RU,192.168.176.42,Receiver 396,IN,10.0.152.165,15321.56,INR,2026-05-13T10:41:05.135008
Sender 397,FR,192.168.193.82,Receiver 397,GB,10.0.207.24,30907.13,USD,2026-05-13T11:41:05.135008
Sender 398,JP,192.168.78.110,Receiver 398,CN,10.0.146.73,8248.48,USD,2026-05-13T12:41:05.135008
Sender 399,AU,192.168.240.51,Receiver 399,CN,10.0.117.53,26276.98,JPY,2026-05-13T13:41:05.135008
Sender 400,FR,192.168.174.244,Receiver 400,US,10.0.92.214,34707.15,KZT,2026-05-13T14:41:05.135008
Sender 401,DE,192.168.22.235,Receiver 401,FR,10.0.210.217,27890.54,INR,2026-05-13T15:41:05.135008
Sender 402,FR,192.168.172.24,Receiver 402,US,10.0.244.28,506.49,INR,2026-05-13T16:41:05.135008
Sender 403,JP,192.168.55.106,Receiver 403,AU,10.0.7.67,26211.15,RUB,2026-05-13T17:41:05.135008
Sender 404,IN,192.168.24.221,Receiver 404,KZ,10.0.184.38,46328.03,INR,2026-05-13T18:41:05.135008
Sender 405,FR,192.168.215.136,Receiver 405,JP,10.0.160.127,42973.26,CNY,2026-05-13T19:41:05.135008
Sender 406,IN,192.168.162.87,Receiver 406,JP,10.0.89.5,7169.39,GBP,2026-05-13T20:41:05.135008
Sender 407,GB,192.168.210.45,Receiver 407,JP,10.0.226.14,1056.65,USD,2026-05-13T21:41:05.135008
Sender 408,IN,192.168.233.235,Receiver 408,RU,10.0.87.232,12116.22,CNY,2026-05-13T22:41:05.135008
Sender 409,IN,192.168.4.147,Receiver 409,RU,10.0.17.169,19952.61,KZT,2026-05-13T23:41:05.135008
Sender 410,DE,192.168.127.185,Receiver 410,BR,10.0.108.160,4010.2,INR,2026-05-14T00:41:05.135008
Sender 411,BR,192.168.99.241,Receiver 411,FR,10.0.207.212,865.88,JPY,2026-05-14T01:41:05.135008
Sender 412,KZ,192.168.4.100,Receiver 412,IN,10.0.196.49,47775.51,EUR,2026-05-14T02:41:05.135008
Sender 413,US,192.168.70.17,Receiver 413,DE,10.0.184.107,18258.07,USD,2026-05-14T03:41:05.135008
Sender 414,CA,192.168.2.215,Receiver 414,US,10.0.235.245,47733.04,USD,2026-05-14T04:41:05.135008
Sender 415,FR,192.168.160.149,Receiver 415,AU,10.0.232.165,3316.19,INR,2026-05-14T05:41:05.135008
Sender 416,IN,192.168.199.178,Receiver 416,RU,10.0.186.97,35779.43,RUB,2026-05-14T06:41:05.135008
Sender 417,GB,192.168.49.128,Receiver 417,CN,10.0.86.62,28497.94,KZT,2026-05-14T07:41:05.135008
Sender 418,CA,192.168.193.40,Receiver 418,CN,10.0.77.143,26790.56,EUR,2026-05-14T08:41:05.135008
Sender 419,AU,192.168.196.214,Receiver 419,IN,10.0.234.63,30590.96,GBP,2026-05-14T09:41:05.135008
Sender 420,BR,192.168.63.92,Receiver 420,FR,10.0.147.133,46510.12,JPY,2026-05-14T10:41:05.135008
Sender 421,RU,192.168.183.40,Receiver 421,AU,10.0.235.37,941.38,INR,2026-05-14T11:41:05.135008
Sender 422,FR,192.168.143.99,Receiver 422,US,10.0.64.21,20334.04,GBP,2026-05-14T12:41:05.135008
Sender 423,CA,192.168.180.72,Receiver 423,KZ,10.0.121.49,38969.0,RUB,2026-05-14T13:41:05.135008
Sender 424,KZ,192.168.240.19,Receiver 424,BR,10.0.21.197,25034.79,RUB,2026-05-14T14:41:05.135008
Sender 425,FR,192.168.5.30,Receiver 425,DE,10.0.24.29,47004.52,JPY,2026-05-14T15:41:05.135008
Sender 426,IN,192.168.26.65,Receiver 426,AU,10.0.171.182,3985.56,JPY,2026-05-14T16:41:05.135008
Sender 427,IN,192.168.38.247,Receiver 427,AU,10.0.124.7,263.93,RUB,2026-05-14T17:41:05.135008
Sender 428,IN,192.168.173.45,Receiver 428,CN,10.0.93.196,30695.06,JPY,2026-05-14T18:41:05.135008
Sender 429,CN,192.168.92.132,Receiver 429,BR,10.0.232.62,37128.81,EUR,2026-05-14T19:41:05.135008
Sender 430,RU,192.168.40.241,Receiver 430,BR,10.0.140.208,42510.11,JPY,2026-05-14T20:41:05.135008
Sender 431,GB,192.168.155.44,Receiver 431,IN,10.0.140.193,19883.56,INR,2026-05-14T21:41:05.135008
Sender 432,KZ,192.168.149.16,Receiver 432,AU,10.0.83.238,33766.69,USD,2026-05-14T22:41:05.135008
Sender 433,KZ,192.168.48.201,Receiver 433,IN,10.0.237.147,14990.67,EUR,2026-05-14T23:41:05.135008
Sender 434,BR,192.168.146.85,Receiver 434,IN,10.0.218.108,21075.17,RUB,2026-05-15T00:41:05.135008
Sender 435,BR,192.168.117.45,Receiver 435,IN,10.0.77.76,19543.98,RUB,2026-05-15T01:41:05.135008
Sender 436,AU,192.168.84.188,Receiver 436,RU,10.0.198.145,17758.74,JPY,2026-05-15T02:41:05.135008
Sender 437,DE,192.168.152.58,Receiver 437,KZ,10.0.13.21,7100.42,CNY,2026-05-15T03:41:05.135008
Sender 438,KZ,192.168.64.202,Receiver 438,DE,10.0.133.174,7761.8,GBP,2026-05-15T04:41:05.135008
Sender 439,JP,192.168.246.25,Receiver 439,CN,10.0.71.32,15312.44,JPY,2026-05-15T05:41:05.135008
Sender 440,FR,192.168.10.66,Receiver 440,US,10.0.21.26,25821.08,USD,2026-05-15T06:41:05.135008
Sender 441,BR,192.168.150.203,Receiver 441,KZ,10.0.29.40,19716.01,JPY,2026-05-15T07:41:05.135008
Sender 442,KZ,192.168.39.3,Receiver 442,IN,10.0.176.24,10474.09,USD,2026-05-15T08:41:05.135008
Sender 443,RU,192.168.143.239,Receiver 443,CN,10.0.204.214,3326.78,EUR,2026-05-15T09:41:05.135008
Sender 444,KZ,192.168.249.232,Receiver 444,IN,10.0.160.109,46847.7,JPY,2026-05-15T10:41:05.135008
Sender 445,GB,192.168.81.64,Receiver 445,GB,10.0.250.151,39205.2,INR,2026-05-15T11:41:05.135008
Sender 446,BR,192.168.166.114,Receiver 446,CN,10.0.132.145,43123.86,INR,2026-05-15T12:41:05.135008
Sender 447,IN,192.168.21.86,Receiver 447,KZ,10.0.42.2,40280.92,INR,2026-05-15T13:41:05.135008
Sender 448,CN,192.168.159.105,Receiver 448,JP,10.0.76.48,1042.82,CNY,2026-05-15T14:41:05.135008
Sender 449,CA,192.168.52.20,Receiver 449,FR,10.0.172.137,19291.43,USD,2026-05-15T15:41:05.135008
Sender 450,US,192.168.83.20,Receiver 450,RU,10.0.213.125,19476.04,KZT,2026-05-15T16:41:05.135008
Sender 451,JP,192.168.16.105,Receiver 451,DE,10.0.228.86,40416.68,GBP,2026-05-15T17:41:05.135008
Sender 452,FR,192.168.73.27,Receiver 452,CN,10.0.106.43,47605.23,JPY,2026-05-15T18:41:05.135008
Sender 453,CN,192.168.34.98,Receiver 453,JP,10.0.7.99,37971.06,KZT,2026-05-15T19:41:05.135008
Sender 454,BR,192.168.114.7,Receiver 454,DE,10.0.196.156,7884.9,GBP,2026-05-15T20:41:05.135008
Sender 455,US,192.168.225.144,Receiver 455,JP,10.0.195.130,29621.45,GBP,2026-05-15T21:41:05.135008
Sender 456,CA,192.168.16.115,Receiver 456,AU,10.0.33.165,49990.3,KZT,2026-05-15T22:41:05.135008
Sender 457,KZ,192.168.160.33,Receiver 457,DE,10.0.177.142,49583.61,GBP,2026-05-15T23:41:05.135008
Sender 458,KZ,192.168.140.146,Receiver 458,GB,10.0.90.25,644.32,JPY,2026-05-16T00:41:05.135008
Sender 459,AU,192.168.54.80,Receiver 459,AU,10.0.180.44,21340.78,USD,2026-05-16T01:41:05.135008
Sender 460,JP,192.168.16.181,Receiver 460,US,10.0.26.21,11761.67,RUB,2026-05-16T02:41:05.135008
Sender 461,DE,192.168.207.25,Receiver 461,CA,10.0.1.242,12548.32,JPY,2026-05-16T03:41:05.135008
Sender 462,JP,192.168.224.236,Receiver 462,BR,10.0.203.200,38771.26,EUR,2026-05-16T04:41:05.135008
Sender 463,IN,192.168.216.85,Receiver 463,JP,10.0.23.249,21430.79,INR,2026-05-16T05:41:05.135008
Sender 464,DE,192.168.230.48,Receiver 464,DE,10.0.3.114,43242.01,JPY,2026-05-16T06:41:05.135008
Sender 465,JP,192.168.222.219,Receiver 465,CN,10.0.233.83,1849.09,KZT,2026-05-16T07:41:05.135008
Sender 466,AU,192.168.98.167,Receiver 466,AU,10.0.1.209,7983.13,JPY,2026-05-16T08:41:05.135008
Sender 467,KZ,192.168.97.5,Receiver 467,CN,10.0.132.97,43426.07,JPY,2026-05-16T09:41:05.135008
Sender 468,GB,192.168.132.158,Receiver 468,GB,10.0.109.207,14009.54,JPY,2026-05-16T10:41:05.135008
Sender 469,GB,192.168.74.82,Receiver 469,JP,10.0.175.166,25434.5,RUB,2026-05-16T11:41:05.135008
Sender 470,DE,192.168.39.163,Receiver 470,IN,10.0.142.37,44447.62,USD,2026-05-16T12:41:05.135008
Sender 471,CA,192.168.81.35,Receiver 471,GB,10.0.33.48,17665.47,USD,2026-05-16T13:41:05.135008
Sender 472,CA,192.168.99.112,Receiver 472,RU,10.0.94.180,8177.24,CNY,2026-05-16T14:41:05.135008
Sender 473,KZ,192.168.157.217,Receiver 473,GB,10.0.228.212,32204.7,GBP,2026-05-16T15:41:05.135008
Sender 474,DE,192.168.63.148,Receiver 474,AU,10.0.169.54,37941.16,JPY,2026-05-16T16:41:05.135008
Sender 475,GB,192.168.147.39,Receiver 475,CA,10.0.77.169,2358.89,EUR,2026-05-16T17:41:05.135008
Sender 476,KZ,192.168.55.199,Receiver 476,GB,10.0.128.29,14458.96,KZT,2026-05-16T18:41:05.135008
Sender 477,GB,192.168.73.190,Receiver 477,JP,10.0.183.220,29226.86,EUR,2026-05-16T19:41:05.135008
Sender 478,KZ,192.168.232.121,Receiver 478,DE,10.0.128.42,44641.32,USD,2026-05-16T20:41:05.135008
Sender 479,CA,192.168.87.50,Receiver 479,BR,10.0.14.62,39163.15,INR,2026-05-16T21:41:05.135008
Sender 480,IN,192.168.1.230,Receiver 480,KZ,10.0.233.129,20620.1,JPY,2026-05-16T22:41:05.135008
Sender 481,DE,192.168.192.56,Receiver 481,IN,10.0.170.210,25295.81,JPY,2026-05-16T23:41:05.135008
Sender 482,JP,192.168.52.185,Receiver 482,JP,10.0.3.222,44551.07,INR,2026-05-17T00:41:05.135008
Sender 483,IN,192.168.28.150,Receiver 483,CA,10.0.1.225,7311.7,CNY,2026-05-17T01:41:05.135008
Sender 484,KZ,192.168.117.113,Receiver 484,DE,10.0.190.209,27183.85,CNY,2026-05-17T02:41:05.135008
Sender 485,KZ,192.168.82.50,Receiver 485,JP,10.0.63.127,36422.69,KZT,2026-05-17T03:41:05.135008
Sender 486,FR,192.168.226.179,Receiver 486,GB,10.0.119.30,13900.79,EUR,2026-05-17T04:41:05.135008
Sender 487,US,192.168.20.137,Receiver 487,RU,10.0.205.225,22001.09,EUR,2026-05-17T05:41:05.135008
Sender 488,GB,192.168.166.251,Receiver 488,CN,10.0.71.32,9340.4,EUR,2026-05-17T06:41:05.135008
Sender 489,JP,192.168.120.65,Receiver 489,CA,10.0.131.114,31168.89,EUR,2026-05-17T07:41:05.135008
Sender 490,IN,192.168.176.167,Receiver 490,AU,10.0.163.228,21134.18,USD,2026-05-17T08:41:05.135008
Sender 491,CA,192.168.41.10,Receiver 491,JP,10.0.25.29,17824.02,GBP,2026-05-17T09:41:05.135008
Sender 492,US,192.168.4.200,Receiver 492,RU,10.0.103.210,4235.77,INR,2026-05-17T10:41:05.135008
Sender 493,FR,192.168.65.6,Receiver 493,CN,10.0.77.173,47685.71,INR,2026-05-17T11:41:05.135008
Sender 494,FR,192.168.201.47,Receiver 494,BR,10.0.65.51,7575.6,JPY,2026-05-17T12:41:05.135008
Sender 495,KZ,192.168.210.110,Receiver 495,JP,10.0.152.130,4257.37,KZT,2026-05-17T13:41:05.135008
Sender 496,BR,192.168.3.184,Receiver 496,GB,10.0.231.231,17585.86,GBP,2026-05-17T14:41:05.135008
Sender 497,CN,192.168.182.65,Receiver 497,JP,10.0.226.32,16341.4,INR,2026-05-17T15:41:05.135008
Sender 498,BR,192.168.172.95,Receiver 498,IN,10.0.0.214,21338.59,RUB,2026-05-17T16:41:05.135008
Sender 499,IN,192.168.75.218,Receiver 499,US,10.0.91.51,33653.37,JPY,2026-05-17T17:41:05.135008
Sender 500,AU,192.168.212.80,Receiver 500,RU,10.0.110.220,46095.9,JPY,2026-05-17T18:41:05.135008
Emma Garcia,AU,192.168.142.137,Jennifer Johnson,CA,10.0.173.108,876.92,RUB,2026-05-14T23:51:00.412136
Светлана Петров,BY,192.168.80.223,Mary Jones,DE,10.0.214.48,38518.65,USD,2026-05-15T00:51:00.412136
James Jones,FR,192.168.227.31,Ирина Новиков,KZ,10.0.85.100,1915.19,INR,2026-05-15T01:51:00.412136
Ирина Лебедев,KZ,192.168.243.249,Елена Иванов,KZ,10.0.128.212,5511.49,CNY,2026-05-15T02:51:00.412136
Patricia Miller,FR,192.168.4.120,Richard Miller,US,10.0.212.108,658.82,KZT,2026-05-15T03:51:00.412136
Елена Федоров,KZ,192.168.197.178,Linda Miller,CN,10.0.153.149,703.68,INR,2026-05-15T04:51:00.412136
Сергей Федоров,UZ,192.168.9.233,Jane Smith,JP,10.0.227.81,3369.38,EUR,2026-05-15T05:51:00.412136
Светлана Волков,UZ,192.168.149.222,Валерий Новиков,RU,10.0.253.226,418.4,RUB,2026-05-15T06:51:00.412136
Patricia Garcia,US,192.168.90.109,Ольга Морозов,BY,10.0.151.21,6046.09,CNY,2026-05-15T07:51:00.412136
Мария Новиков,KZ,192.168.195.130,Наталья Федоров,BY,10.0.47.63,839.22,GBP,2026-05-15T08:51:00.412136
Виктор Морозов,KZ,192.168.188.127,Richard Brown,FR,10.0.8.119,689.6,JPY,2026-05-15T09:51:00.412136
Светлана Соколов,BY,192.168.188.6,Мария Иванов,BY,10.0.97.46,8855.43,USD,2026-05-15T10:51:00.412136
Ольга Новиков,BY,192.168.52.210,Татьяна Петров,BY,10.0.230.103,344.48,EUR,2026-05-15T11:51:00.412136
Jennifer Miller,AU,192.168.29.19,Emma Garcia,DE,10.0.133.111,92252.99,RUB,2026-05-15T12:51:00.412136
Barbara Garcia,AU,192.168.163.231,Linda Smith,US,10.0.185.94,7197.76,GBP,2026-05-15T13:51:00.412136
Елена Петров,BY,192.168.8.173,Иван Сидоров,KZ,10.0.89.43,200.56,CNY,2026-05-15T14:51:00.412136
Дмитрий Сидоров,KZ,192.168.217.216,Jane Williams,GB,10.0.255.199,974.85,KZT,2026-05-15T15:51:00.412136
Павел Федоров,KZ,192.168.145.236,Ирина Иванов,BY,10.0.99.225,909.27,CNY,2026-05-15T16:51:00.412136
Jane Garcia,DE,192.168.100.3,David Williams,US,10.0.118.92,879.52,USD,2026-05-15T17:51:00.412136
William Rodriguez,GB,192.168.226.146,Елена Сидоров,BY,10.0.62.14,6953.62,KZT,2026-05-15T18:51:00.412136
Иван Морозов,RU,192.168.21.213,Павел Федоров,KZ,10.0.181.79,947.5,EUR,2026-05-15T19:51:00.412136
Наталья Петров,RU,192.168.34.98,Иван Сидоров,RU,10.0.236.123,462.45,USD,2026-05-15T20:51:00.412136
Мария Козлов,UZ,192.168.188.186,Дмитрий Волков,UZ,10.0.215.197,1173.68,KZT,2026-05-15T21:51:00.412136
Виктор Федоров,UZ,192.168.75.89,Patricia Rodriguez,FR,10.0.135.196,190.69,USD,2026-05-15T22:51:00.412136
Елена Волков,RU,192.168.188.189,Татьяна Иванов,BY,10.0.48.8,9039.24,EUR,2026-05-15T23:51:00.412136
Павел Новиков,RU,192.168.35.251,Richard Brown,JP,10.0.151.22,55.43,USD,2026-05-16T00:51:00.412136
Thomas Martinez,US,192.168.65.124,Michael Martinez,US,10.0.209.66,5502.9,GBP,2026-05-16T01:51:00.412136
David Rodriguez,GB,192.168.49.18,Сергей Волков,RU,10.0.7.225,787.42,USD,2026-05-16T02:51:00.412136
William Miller,US,192.168.177.161,Наталья Лебедев,UZ,10.0.13.104,396.66,USD,2026-05-16T03:51:00.412136
Валерий Сидоров,UZ,192.168.133.42,Robert Garcia,AU,10.0.234.158,4641.39,GBP,2026-05-16T04:51:00.412136
Павел Федоров,KZ,192.168.212.9,Robert Brown,FR,10.0.229.34,512.18,JPY,2026-05-16T05:51:00.412136
Sarah Smith,GB,192.168.113.177,Mary Garcia,CA,10.0.183.248,951.21,KZT,2026-05-16T06:51:00.412136
Елена Иванов,BY,192.168.115.18,John Rodriguez,FR,10.0.129.74,35.27,USD,2026-05-16T07:51:00.412136
Ирина Морозов,RU,192.168.177.64,Анна Иванов,KZ,10.0.139.108,93.54,RUB,2026-05-16T08:51:00.412136
Barbara Jones,AU,192.168.153.162,Michael Johnson,JP,10.0.1.124,6497.87,INR,2026-05-16T09:51:00.412136
Michael Smith,CA,192.168.191.148,Michael Johnson,GB,10.0.14.187,810.68,GBP,2026-05-16T10:51:00.412136
Татьяна Иванов,KZ,192.168.77.47,Павел Морозов,BY,10.0.158.242,3227.03,CNY,2026-05-16T11:51:00.412136
Barbara Johnson,DE,192.168.165.95,Mary Rodriguez,DE,10.0.111.151,3009.41,INR,2026-05-16T12:51:00.412136
Lisa Martinez,US,192.168.62.60,James Williams,GB,10.0.134.105,233.77,JPY,2026-05-16T13:51:00.412136
Наталья Новиков,BY,192.168.65.34,Jane Martinez,JP,10.0.105.169,881.66,EUR,2026-05-16T14:51:00.412136
David Brown,FR,192.168.213.2,Татьяна Соколов,RU,10.0.82.122,494.53,CNY,2026-05-16T15:51:00.412136
Анна Новиков,UZ,192.168.242.35,Дмитрий Волков,BY,10.0.140.55,44.42,JPY,2026-05-16T16:51:00.412136
Mary Brown,FR,192.168.0.91,Виктор Лебедев,RU,10.0.45.177,138.73,USD,2026-05-16T17:51:00.412136
Ирина Сидоров,KZ,192.168.226.147,Robert Jones,CN,10.0.6.83,819.62,KZT,2026-05-16T18:51:00.412136
Joseph Smith,FR,192.168.31.31,Linda Williams,US,10.0.132.86,814.99,CNY,2026-05-16T19:51:00.412136
Иван Лебедев,BY,192.168.185.28,Елена Козлов,RU,10.0.172.194,82.27,USD,2026-05-16T20:51:00.412136
Татьяна Иванов,BY,192.168.44.153,Наталья Волков,UZ,10.0.36.130,84.61,KZT,2026-05-16T21:51:00.412136
Сергей Морозов,RU,192.168.178.11,Светлана Морозов,BY,10.0.41.87,269.56,KZT,2026-05-16T22:51:00.412136
Наталья Лебедев,KZ,192.168.10.130,Виктор Волков,KZ,10.0.164.21,674.38,KZT,2026-05-16T23:51:00.412136
Thomas Martinez,FR,192.168.26.171,Павел Лебедев,UZ,10.0.22.236,8364.0,USD,2026-05-17T00:51:00.412136
Richard Rodriguez,GB,192.168.66.174,Виктор Соколов,KZ,10.0.63.186,529.8,JPY,2026-05-17T01:51:00.412136
Michael Martinez,FR,192.168.36.218,James Williams,DE,10.0.145.5,159.72,INR,2026-05-17T02:51:00.412136
Linda Johnson,DE,192.168.238.191,Thomas Garcia,JP,10.0.246.135,974.12,GBP,2026-05-17T03:51:00.412136
Валерий Сидоров,RU,192.168.25.117,Татьяна Иванов,BY,10.0.112.37,79413.89,RUB,2026-05-17T04:51:00.412136
Patricia Jones,US,192.168.168.11,Barbara Garcia,FR,10.0.237.166,811.76,RUB,2026-05-17T05:51:00.412136
Дмитрий Сидоров,UZ,192.168.179.115,Ирина Новиков,BY,10.0.200.33,857.28,GBP,2026-05-17T06:51:00.412136
Татьяна Петров,UZ,192.168.109.230,Валерий Сидоров,RU,10.0.10.10,5683.78,GBP,2026-05-17T07:51:00.412136
Светлана Петров,KZ,192.168.64.175,Sarah Smith,CN,10.0.190.9,934.25,EUR,2026-05-17T08:51:00.412136
Barbara Davis,AU,192.168.80.48,Наталья Новиков,KZ,10.0.251.73,841.92,USD,2026-05-17T09:51:00.412136
Павел Морозов,KZ,192.168.118.5,Jennifer Johnson,FR,10.0.185.108,6271.95,RUB,2026-05-17T10:51:00.412136
Emma Jones,US,192.168.192.208,Елена Лебедев,KZ,10.0.5.76,534.47,CNY,2026-05-17T11:51:00.412136
Валерий Волков,BY,192.168.173.240,Michael Johnson,FR,10.0.37.119,889.08,GBP,2026-05-17T12:51:00.412136
Елена Петров,UZ,192.168.76.132,Иван Сидоров,RU,10.0.188.8,4259.57,CNY,2026-05-17T13:51:00.412136
Mary Brown,GB,192.168.250.214,Павел Иванов,UZ,10.0.196.207,515.2,CNY,2026-05-17T14:51:00.412136
Emma Martinez,AU,192.168.71.181,Петр Сидоров,KZ,10.0.11.226,983.18,CNY,2026-05-17T15:51:00.412136
Дмитрий Лебедев,KZ,192.168.31.135,Richard Williams,AU,10.0.217.108,7552.79,USD,2026-05-17T16:51:00.412136
Александр Морозов,KZ,192.168.4.165,Robert Williams,JP,10.0.245.29,3716.06,RUB,2026-05-17T17:51:00.412136
Michael Williams,AU,192.168.139.190,William Garcia,US,10.0.150.237,6924.59,RUB,2026-05-17T18:51:00.412136
Анна Соколов,BY,192.168.132.174,David Johnson,JP,10.0.130.251,682.14,GBP,2026-05-17T19:51:00.412136
Linda Johnson,AU,192.168.20.52,Сергей Соколов,BY,10.0.243.30,6873.99,CNY,2026-05-17T20:51:00.412136
Barbara Brown,DE,192.168.105.19,Иван Сидоров,RU,10.0.245.169,752.33,JPY,2026-05-17T21:51:00.412136
Мария Волков,BY,192.168.53.142,John Rodriguez,GB,10.0.119.27,270.97,USD,2026-05-17T22:51:00.412136
Jane Martinez,US,192.168.250.79,Валерий Сидоров,UZ,10.0.219.62,5460.49,USD,2026-05-17T23:51:00.412136
